Title,Price,Date
"Momentive Performance Materials GE284 2.8-Ounce Silicone II Premium Waterproof Kitchen and Bath Squeeze Tube, Clear",8.99,2024-03-01
"Momentive Performance Materials GE284 2.8-Ounce Silicone II Premium Waterproof Kitchen and Bath Squeeze Tube, Clear",8.99,2024-03-01
"Momentive Performance Materials GE284 2.8-Ounce Silicone II Premium Waterproof Kitchen and Bath Squeeze Tube, Clear",8.99,2024-03-01
"Momentive Performance Materials GE284 2.8-Ounce Silicone II Premium Waterproof Kitchen and Bath Squeeze Tube, Clear",8.99,2024-03-01
"Momentive Performance Materials GE284 2.8-Ounce Silicone II Premium Waterproof Kitchen and Bath Squeeze Tube, Clear",8.99,2024-03-01
"Momentive Performance Materials GE284 2.8-Ounce Silicone II Premium Waterproof Kitchen and Bath Squeeze Tube, Clear",8.99,2024-03-01
"Momentive Performance Materials GE284 2.8-Ounce Silicone II Premium Waterproof Kitchen and Bath Squeeze Tube, Clear",8.99,2024-03-01
"Momentive Performance Materials GE284 2.8-Ounce Silicone II Premium Waterproof Kitchen and Bath Squeeze Tube, Clear",8.99,2024-03-01
"Momentive Performance Materials GE284 2.8-Ounce Silicone II Premium Waterproof Kitchen and Bath Squeeze Tube, Clear",8.99,2024-03-01
"Momentive Performance Materials GE284 2.8-Ounce Silicone II Premium Waterproof Kitchen and Bath Squeeze Tube, Clear",8.99,2024-03-01
"Momentive Performance Materials GE284 2.8-Ounce Silicone II Premium Waterproof Kitchen and Bath Squeeze Tube, Clear",8.99,2024-03-01
"Momentive Performance Materials GE284 2.8-Ounce Silicone II Premium Waterproof Kitchen and Bath Squeeze Tube, Clear",8.99,2024-03-01
"Momentive Performance Materials GE284 2.8-Ounce Silicone II Premium Waterproof Kitchen and Bath Squeeze Tube, Clear",8.99,2024-03-01
"Momentive Performance Materials GE284 2.8-Ounce Silicone II Premium Waterproof Kitchen and Bath Squeeze Tube, Clear",8.99,2024-03-01
"Momentive Performance Materials GE284 2.8-Ounce Silicone II Premium Waterproof Kitchen and Bath Squeeze Tube, Clear",8.99,2024-03-01
"Momentive Performance Materials GE284 2.8-Ounce Silicone II Premium Waterproof Kitchen and Bath Squeeze Tube, Clear",8.99,2024-03-01
"Momentive Performance Materials GE284 2.8-Ounce Silicone II Premium Waterproof Kitchen and Bath Squeeze Tube, Clear",8.99,2024-03-01
"Momentive Performance Materials GE284 2.8-Ounce Silicone II Premium Waterproof Kitchen and Bath Squeeze Tube, Clear",8.99,2024-03-01
"Momentive Performance Materials GE284 2.8-Ounce Silicone II Premium Waterproof Kitchen and Bath Squeeze Tube, Clear",8.99,2024-03-01
"Momentive Performance Materials GE284 2.8-Ounce Silicone II Premium Waterproof Kitchen and Bath Squeeze Tube, Clear",8.99,2024-03-01
"Momentive Performance Materials GE284 2.8-Ounce Silicone II Premium Waterproof Kitchen and Bath Squeeze Tube, Clear",8.99,2024-03-01
"Momentive Performance Materials GE284 2.8-Ounce Silicone II Premium Waterproof Kitchen and Bath Squeeze Tube, Clear",8.99,2024-03-01
"Momentive Performance Materials GE284 2.8-Ounce Silicone II Premium Waterproof Kitchen and Bath Squeeze Tube, Clear",8.99,2024-03-01
"Momentive Performance Materials GE284 2.8-Ounce Silicone II Premium Waterproof Kitchen and Bath Squeeze Tube, Clear",8.99,2024-03-01
"Momentive Performance Materials GE284 2.8-Ounce Silicone II Premium Waterproof Kitchen and Bath Squeeze Tube, Clear",8.99,2024-03-01
